<?xml version="1.0" encoding="UTF-8"?>
<!DOCTYPE hibernate-mapping PUBLIC 
    "-//Hibernate/Hibernate Mapping DTD 3.0//EN"
    "http://www.hibernate.org/dtd/hibernate-mapping-3.0.dtd">
<hibernate-mapping package="com.hpeu.bean">
	<class name="Employee" table="tb_employee">
		<id name="id" column="id">
			<generator class="native" />
		</id>
		<property name="name" />
		<property name="joinTime" />
		<property name="job" />
		<property name="salary" />
		<many-to-one name="depart" class="Department" column="did" lazy="false" />
	</class>
</hibernate-mapping>