<?xml version="1.0" encoding="UTF-8"?>
<!DOCTYPE hibernate-mapping PUBLIC 
    "-//Hibernate/Hibernate Mapping DTD 3.0//EN"
    "http://www.hibernate.org/dtd/hibernate-mapping-3.0.dtd">
<hibernate-mapping package="com.hpeu.bean">
	<class name="User" table="tb_user">
		<id name="id" column="id">
			<generator class="native" />
		</id>
		<property name="name" column="name" />
		<property name="account" column="account" />
		<property name="password" column="password" />
		<property name="email" column="email" />
		<property name="phone" column="phone" />
		<property name="regtime" column="regtime" />
		<property name="avator" column="avator" />
	</class>
</hibernate-mapping>
